<?xml version="1.0" encoding="UTF-8"?>
<beans xmlns="http://www.springframework.org/schema/beans"
	xmlns:xsi="http://www.w3.org/2001/XMLSchema-instance"
	xsi:schemaLocation="http://www.springframework.org/schema/beans https://www.springframework.org/schema/beans/spring-beans.xsd">

	<!-- 생성자 Injection으로 DAO에 sqlSession 객체를 추가 -->
	<bean id="signup_daoBean" class="dao.SignupDAO">
		<constructor-arg ref="sqlSessionBean" />
	</bean>
	
	<!-- 게시글 -->
	<bean id="board_daoBean" class="dao.BoardDAO">
		<constructor-arg ref="sqlSessionBean" />
	</bean>

	<bean id="login_daoBean" class="dao.LoginDAO">
		<constructor-arg ref="sqlSessionBean" />
	</bean>
	
	<!-- 관리자 -->
	<bean id="admin_daoBean" class="dao.AdminDAO">
		<constructor-arg ref="sqlSessionBean" />
	</bean>
</beans>
