<?xml version="1.0" encoding="UTF-8" ?>
<!DOCTYPE mapper
PUBLIC "-//mybatis.org//DTD Mapper 3.0//EN"
"http://mybatis.org/dtd/mybatis-3-mapper.dtd">
<mapper namespace="b">

	<!-- 게시글 추가 -->
	<insert id="insert_board" parameterType="vo.BoardVO">
		insert into board values (seq_board_idx.nextVal,
							#{name},
							#{content},
							#{filename},
							#{location},
							#{pwd},
							#{ip},
							sysdate)
	<!-- 	<if test="#{filename} == no_file">
			insert into board (idx, name, content, location, pwd, ip, regdate) values
			(seq_board_idx.nextVal,#{name},#{content},#{location},#{pwd},#{ip},sysdate)
		</if>
		<if test="#{filename} != no_file">
			insert into board (idx, name, content, filename,location, pwd, ip, regdate)
			values
			(seq_board_idx.nextVal,#{name},#{content},#{filename},#{location},#{pwd},#{ip},sysdate)
		</if> -->
	</insert>
	
	<!-- 게시글 삭제 -->
	<delete id="delete_board" parameterType="int">
		delete from board where idx=#{idx}
	</delete>
	
	<!-- 게시글 수정 -->
	<update id="update_board" parameterType="vo.BoardVO">
			update board set name=#{name}, content=#{content}, filename=#{filename}, pwd=#{pwd}, ip=#{ip}, regdate=sysdate where idx=#{idx} 
	</update>
	
	<!-- 게시글 불러오기 -->
	<select id="list_board" resultType="vo.BoardVO" parameterType = "String"> <!-- parameterType="vo.BoardVO" -->
		select * from board where location = #{location} order by idx DESC
	</select>
	<!-- 게시글 하나만 불러오기 -->
	<select id="board_selectby_id" resultType = "vo.BoardVO" parameterType = "int">
		select * from board where idx = #{idx}
	</select>
</mapper>

























